Workbook

Sheet 整形前
A2: 顧客データ
A3: 顧客ID | B3: 氏名 | C3: 電話番号 | D3: 郵便番号 | E3: 購入金額 | F3: 会員区分
A4: C001 | B4: 田中 サンプル | C4: 9012345678 | D4: 9300001 | E4: 12000 | F4: A
A5: C002 | B5: 検証花子 | C5: 080-1111-2222 | D5: 930-0002 | E5: 8500 | F5: B
A6: C003 | B6: 山田 テス | C6: 7033334444 | D6: 9300003 | E6: 15000 | F6: A
A7: C004 | B7: 鈴木プル | C7: 090-5555-6666 | D7: 9300004 | E7: 5000 | F7: C
A8: C005 | B8: 高橋 テスト | C8: 8077778888 | D8: 930-0005 | E8: 23000 | F8: A

Sheet 整形後
K2: ・・・関数を使い顧客データを整形した箇所
A3: 顧客データ
A4: 顧客ID | B4: 氏名 | C4: 姓 | D4: 名 | E4: 電話番号（加工中) | F4: 電話番号 | G4: 郵便番号(加工中) | H4: 郵便番号 | I4: 購入金額 | J4: 会員区分 | K4: 会員ランク
A5: C001 | B5: 田中 サンプル | C5: =IF(ISERROR(FIND(" ",B5)),IF(ISERROR(FIND(" ",B5)),LEFT(B5,2),LEFT(B5,FIND(" ",B5)-1)),LEFT(B5,FIND(" ",B5)-1)) -> 田中 | D5: =IF(ISERROR(FIND(" ",B5)),IF(ISERROR(FIND(" ",B5)),MID(B5,3,2),MID(B5,FIND(" ",B5)+1,LEN(B5))),MID(B5,FIND(" ",B5)+1,LEN(B5))) -> サンプル | E5: =SUBSTITUTE(TRIM(整形前!C4),"-","") -> 9012345678 | F5: =IF(LEN(E5)=10,LEFT(E5,2)&"-"&MID(E5,3,4)&"-"&RIGHT(E5,4),LEFT(E5,3)&"-"&MID(E5,4,4)&"-"&RIGHT(E5,4)) -> 90-1234-5678 | G5: =SUBSTITUTE(TRIM(整形前!D4),"-","") -> 9300001 | H5: =LEFT(G5,3)&"-"&RIGHT(G5,4) -> 930-0001 | I5: 12000 | J5: A | K5: =IF(I5>=20000,"VIP",IF(I5>=10000,"優良","通常")) -> 優良
A6: C002 | B6: 検証花子 | C6: =IF(ISERROR(FIND(" ",B6)),IF(ISERROR(FIND(" ",B6)),LEFT(B6,2),LEFT(B6,FIND(" ",B6)-1)),LEFT(B6,FIND(" ",B6)-1)) -> 検証 | D6: =IF(ISERROR(FIND(" ",B6)),IF(ISERROR(FIND(" ",B6)),MID(B6,3,2),MID(B6,FIND(" ",B6)+1,LEN(B6))),MID(B6,FIND(" ",B6)+1,LEN(B6))) -> 花子 | E6: =SUBSTITUTE(TRIM(整形前!C5),"-","") -> 08011112222 | F6: =IF(LEN(E6)=10,LEFT(E6,2)&"-"&MID(E6,3,4)&"-"&RIGHT(E6,4),LEFT(E6,3)&"-"&MID(E6,4,4)&"-"&RIGHT(E6,4)) -> 080-1111-2222 | G6: =SUBSTITUTE(TRIM(整形前!D5),"-","") -> 9300002 | H6: =LEFT(G6,3)&"-"&RIGHT(G6,4) -> 930-0002 | I6: 8500 | J6: B | K6: =IF(I6>=20000,"VIP",IF(I6>=10000,"優良","通常")) -> 通常
A7: C003 | B7: 山田 テス | C7: =IF(ISERROR(FIND(" ",B7)),IF(ISERROR(FIND(" ",B7)),LEFT(B7,2),LEFT(B7,FIND(" ",B7)-1)),LEFT(B7,FIND(" ",B7)-1)) -> 山田 | D7: =IF(ISERROR(FIND(" ",B7)),IF(ISERROR(FIND(" ",B7)),MID(B7,3,2),MID(B7,FIND(" ",B7)+1,LEN(B7))),MID(B7,FIND(" ",B7)+1,LEN(B7))) -> テス | E7: =SUBSTITUTE(TRIM(整形前!C6),"-","") -> 7033334444 | F7: =IF(LEN(E7)=10,LEFT(E7,2)&"-"&MID(E7,3,4)&"-"&RIGHT(E7,4),LEFT(E7,3)&"-"&MID(E7,4,4)&"-"&RIGHT(E7,4)) -> 70-3333-4444 | G7: =SUBSTITUTE(TRIM(整形前!D6),"-","") -> 9300003 | H7: =LEFT(G7,3)&"-"&RIGHT(G7,4) -> 930-0003 | I7: 15000 | J7: A | K7: =IF(I7>=20000,"VIP",IF(I7>=10000,"優良","通常")) -> 優良
A8: C004 | B8: 鈴木プル | C8: =IF(ISERROR(FIND(" ",B8)),IF(ISERROR(FIND(" ",B8)),LEFT(B8,2),LEFT(B8,FIND(" ",B8)-1)),LEFT(B8,FIND(" ",B8)-1)) -> 鈴木 | D8: =IF(ISERROR(FIND(" ",B8)),IF(ISERROR(FIND(" ",B8)),MID(B8,3,2),MID(B8,FIND(" ",B8)+1,LEN(B8))),MID(B8,FIND(" ",B8)+1,LEN(B8))) -> プル | E8: =SUBSTITUTE(TRIM(整形前!C7),"-","") -> 09055556666 | F8: =IF(LEN(E8)=10,LEFT(E8,2)&"-"&MID(E8,3,4)&"-"&RIGHT(E8,4),LEFT(E8,3)&"-"&MID(E8,4,4)&"-"&RIGHT(E8,4)) -> 090-5555-6666 | G8: =SUBSTITUTE(TRIM(整形前!D7),"-","") -> 9300004 | H8: =LEFT(G8,3)&"-"&RIGHT(G8,4) -> 930-0004 | I8: 5000 | J8: C | K8: =IF(I8>=20000,"VIP",IF(I8>=10000,"優良","通常")) -> 通常
A9: C005 | B9: 高橋 テスト | C9: =IF(ISERROR(FIND(" ",B9)),IF(ISERROR(FIND(" ",B9)),LEFT(B9,2),LEFT(B9,FIND(" ",B9)-1)),LEFT(B9,FIND(" ",B9)-1)) -> 高橋 | D9: =IF(ISERROR(FIND(" ",B9)),IF(ISERROR(FIND(" ",B9)),MID(B9,3,2),MID(B9,FIND(" ",B9)+1,LEN(B9))),MID(B9,FIND(" ",B9)+1,LEN(B9))) -> テスト | E9: =SUBSTITUTE(TRIM(整形前!C8),"-","") -> 8077778888 | F9: =IF(LEN(E9)=10,LEFT(E9,2)&"-"&MID(E9,3,4)&"-"&RIGHT(E9,4),LEFT(E9,3)&"-"&MID(E9,4,4)&"-"&RIGHT(E9,4)) -> 80-7777-8888 | G9: =SUBSTITUTE(TRIM(整形前!D8),"-","") -> 9300005 | H9: =LEFT(G9,3)&"-"&RIGHT(G9,4) -> 930-0005 | I9: 23000 | J9: A | K9: =IF(I9>=20000,"VIP",IF(I9>=10000,"優良","通常")) -> VIP
J11: 会員区分Aの合計購入金額 | K11: =SUMIF($J$5:$J$9,"A",$I$5:$I$9) -> 50000
J12: VIP人数 | K12: =COUNTIF($K$5:$K$9,"VIP") -> 1
A15: 整形手順
A17: ①半角全角スペース混在の氏名を「姓」、「名」に分割
A18: ②入力形式ばらばらの電話番号の、半角全角スペース及びハイフンを一度取り除き、電話番号の桁数(10桁、11桁)に応じてハイフンを再付与
A19: ③入力形式ばらばらの郵便番号の、半角全角スペース及びハイフンを一度取り除き、郵便番号の形式(XXX-XXXX)に沿ってハイフンを再付与
A20: ④購入金額に応じた会員ランク欄を追加
A21: ⑤会員区分Aの合計購入金額欄を追加
A22: ⑥会員ランクVIPの人数欄を追加
A24: 実施したこと
A25: Excel関数（IF、ISERROR、SUMIF、COUNTIF、LEFT、MID、RIGHT、FIND、LEN）を使用した顧客データ整形・名簿管理を実施
A27: 作成時間
A28: 28分
